id,match_id,create_time,season,used
1,Svg7Thpx__N3LAxphviehxEU16RTyT07LuYv1_7hewCtxbDuTKs3ZYXx-qtK0eQrDg_HP87G1QBMB9Bv7EBGFW9JMLdpUXy_JA0oFE0IkiDCis5oBykytzHJcqTajvESIQCHu-h2Isw=,"2018-09-29 10:09:32",2018-09,1
2,Svg7Thpx__N3LAxphvieh5pnXNvTgKsWnHBWjZavu7scNWw7wVzHQce_nTojN53-bPXOIkJPjtRYIg8SrXrkJYjI2JK6lVB9ebQfukirKQeGJL-xVCgp9TQaaW6RR5LjXU5z6ISLiUA=,"2018-09-29 10:09:32",2018-09,1
3,Svg7Thpx__N3LAxphvieh0Q9MqKuOoXWl-h_QCRMLiV6-zV5JaBet9FuSEhbDzITP56urCr9PtJZsdF3tTrvmmEbOVM3XhZc4teKAb2vFLrbLTOM0sPVWzETx5C3-XQFEMBgMSKTolY=,"2018-09-29 10:09:32",2018-09,1
4,Svg7Thpx__N3LAxphvieh5yWrfVF6gT7EwJABsFaDwKdFJUar0eOO_h1IEvzNJEl8pP5gM2LnpSqVYVlmBSkyGdNczHCEYI89i1NSbyiCNxHU4WQ_cY7BamWpV0NFl_4KuEJWTmgooc=,"2018-09-29 10:09:32",2018-09,1
5,Svg7Thpx__N3LAxphvieh2PfrITkBj2MK6DnBfTLHgxYJAuezkIfxbwXrtviNwk3n6ldS0tbeYws8cVe602o09ql1xXbHJCJF4r8KSxIaOkzMBuaPbz6X4z3hvMI1_UISTW82k4wOIA=,"2018-09-29 10:09:32",2018-09,1
6,Svg7Thpx__N3LAxphvieh8X70YmPtjChIGdzMl7OcRMHfsN_xu0Lcq7RbDfG2txa3U1NBv3zwaiNNz_kUYniRaPZd0uNHSb5-ySAd22Ond5GefsXvpX-x_iMHjMBdKMLbf270oAZs3w=,"2018-09-29 10:09:32",2018-09,1
7,Svg7Thpx__N3LAxphvieh9wV4R00L9-0odeq1OTDARsUbfFo5NCO22TxMjyp9E5dd3-5ELIRtVCpoXPo2TcFPbQaf8bFOIfxwWsSbraXWALQR8K0BC4RTyf_wtgVsuZ5aYKAymIjD9U=,"2018-09-29 10:09:32",2018-09,1
8,Svg7Thpx__N3LAxphvieh8EFcHhSfFBeDoyDrimSr3fcpW34e0NX3nxrbE7OeNMTWX1hnTYDs955Lfu7dfSA8Lw67Y2Ac1UzuqMrvRUUlBxFo9s_bxjl4W_I96GEa_R7NQhDtK-0xsY=,"2018-09-29 10:09:32",2018-09,1
9,Svg7Thpx__N3LAxphvieh5EgQo5Afzham3D10RnE56NkjVv4kJ7fWKNB7hr4nIn7Jt6zXpy8fJybi2Pp4PaxfychzfwgWYEFmtRwN02JPw4zbo01qnnVBn21FP6T2pmc244xtfbjTDE=,"2018-09-29 10:09:32",2018-09,1
10,Svg7Thpx__N3LAxphviehynSIrfNis60IR7ulT6V5ug3kNrwrO_TMaEB_dzmTRE1JpNKJ8V0RZkJyXWBtSV_zxAUvJIH4sBn2DwWf56UkLAbkcn1t-mRPYsHqdkadDzTE-IZ40mjyVk=,"2018-09-29 10:09:32",2018-09,1
11,Svg7Thpx__N3LAxphviehwG3KEaRIcQrCGQYTxDIzxCbMGfi-F7Pvr0aPH5tzchFMzP1K9xEPqAdKOc6t2Pp0WiN7Yif9jkN_erdKXtbZsOJ6TqrYy5d3i2VXXSif4JIQP4cMgJvQTU=,"2018-09-29 10:09:32",2018-09,1
12,Svg7Thpx__N3LAxphviehwdXSsHiQtupT8kPY12sWfftLa7WYkZFOHOw5uagMXtQMIrP4mQPJB5_jzKSK6sqKhhOMFj08_n7FbokVul-IqzsHl_0vrPQQOOpxVBM6tsoWo8fnhpHKpQ=,"2018-09-29 10:09:32",2018-09,1
13,Svg7Thpx__N3LAxphvieh8MAh1mYq-ys80QgH_Sli5c6fV7fW0Y6QAQ-FjkiXDXwEzFqZ3Yb8qGgr_kpbmFQjVMJOMDEo4wPPr_C4zJF5OiculTeZTWPLCOXGzCi8Mq4UOu-mMmLmOs=,"2018-09-29 10:09:32",2018-09,1
14,Svg7Thpx__N3LAxphviehydyBV__-P_pdh_cd-ej-KIBaoM7UERpKZUX5iN2fD7JHPWEHVYIk_HCGi8VSz_Pi-0GmYyGIxrxT1TxAlA8hrhqh22lXpQeYNYMdFmbrBORfVaQdivlOnM=,"2018-09-29 10:09:32",2018-09,1
15,Svg7Thpx__N3LAxphvieh8brqdMqECVS69iokqSkV7BBF8Ufd0hIfQ5EiqMymqf_PfcQa3Xct8YJRc8iOjV-YYdQbp8d7vtXMAIKJk2MEPMbJh40KF0fqBgJl7BgavwTM4JLFZQZrlg=,"2018-09-29 10:09:32",2018-09,1
16,Svg7Thpx__N3LAxphvieh_OZp3ilrDtw5qxL-6dVct89qAqpH9BYXmKr7Ws28yyXDmeTYL3rdYgibALKBNKl3QplyXjXemU3x0HYNQrhPVOZVXI4cDdSBho5huPLwN-NuL43csBTapY=,"2018-09-29 10:09:32",2018-09,1
17,Svg7Thpx__N3LAxphviehzQ9BeEuBHf5VWUNUCsiHJkzcQi1cg_wX90A3pLgGLh6_bd-pIp-UjpMO49JgBZwsVzTutPPhxzAeFT1TBdfTcBxsmeEk6hAjC0b8bNo957ugR0bS3d2QXs=,"2018-09-29 10:09:32",2018-09,1
18,Svg7Thpx__N3LAxphviehxCpavE4lw0GEDb2CHdzsp_Hp6tlrZzDcqEmp3tp5tc9kbUqLyYnYDy6jTZvprqovQ8aObkoV4IaJqocMb1T-OTQO6NyUxz_yo67HSfrVYnoFALyvrLFt7w=,"2018-09-29 10:09:32",2018-09,1
19,Svg7Thpx__N3LAxphvieh2tu1SSw6S_gG1AwatcwMxHI-VO345pigGqFPgyNYfab_eRHnEo_5RrQJi7vtdmKwSQ68sM_MdVEEdOyXXP8SVCEgnzcuJdo8LEiPcA2yNTLPSIyQfFyh5c=,"2018-09-29 10:09:32",2018-09,1
20,Svg7Thpx__N3LAxphvieh8eyeFu6IK_3wkjTeEQlGIp2LaWcGCTA4Nk-sXgULF1Do9gNJVVHZR-4BRPyEorZRlqnO9Inwi8xgxbc9E3xjmwc5cAmKGtFKp4K3bHXXPkfz5MpDdE4Tzs=,"2018-09-29 10:09:32",2018-09,1
21,Svg7Thpx__N3LAxphviehyXRGiqgB4cspNbT0iRjVvcEVn6hZmhbu-bXrF6Oq3dP-0jjmd0tl73wBGXx0lST_6NqL6uB_nibHG8dPt24FpWorub-CgSda-uxJAWMksEAhzX8l2GFHyU=,"2018-09-30 16:05:54",2018-09,1
22,Svg7Thpx__N3LAxphvieh5cgfGSjuT_fKCprvPMgmXmaRSZw42XjlOHiLAfisB6cxPFeNtZ5SJX5anA4YrUBlQ_HUa6RqCjV3welzEkZBfBHsNl0QnEKpA3CZXYoIoBG71H08_Xg6Do=,"2018-09-30 16:05:54",2018-09,1
23,Svg7Thpx__N3LAxphvieh69zt4JcRzeGN7oQVRf_hD0l45ozBApIzAPzIdXInfcHHGedIKLR2OqHskEuZvWFAVTzGug4_N1hZYROgUtVudgVA4HS33OUBdZg5KvfuAsUZoa2opjSfz8=,"2018-09-30 16:05:54",2018-09,1
24,Svg7Thpx__N3LAxphviehzR7QcMIjJ1ZaXVUdKMMQNKTT1B_waAssAkp8sC1tBoYOILKd_ACSSyi0NBIC8nCYggP7plyzXfVvXby0_ixMti4QfmtbyZVopMWUsVBW4T9IqBl4f3RoOs=,"2018-09-30 16:05:54",2018-09,1
25,Svg7Thpx__N3LAxphviehxmGa9WBRaCtBvH39WmhBhQOYlQk8I-wN5I_z0AFK1UBQ5P09S-djJ9nHCpyqbzeB4JrRaYQkm_0gOKF8KvU8boQm5XGIGPQl2PtGvuqZTPq97JQ0iRjalo=,"2018-09-30 16:05:54",2018-09,1
26,Svg7Thpx__N3LAxphviehy-UU_7apb1kg7oZ4eDV5yAHYljoiXw9HZi9GmcWzlav9JTCwauz8_u6eM0zc0ONgc9FzIjA_N0_dJ-nKSjpuREgOWswF7ivUF3cBSCQeTTo_s6AdpwNzJc=,"2018-09-30 16:05:54",2018-09,1
27,Svg7Thpx__N3LAxphviehxWZbn0dlvaQXRwXF2FHqSrllHmWytpyi-gxleXHpJsZQRpmuDTo8AxNDCYltsPG6igkuKUPG0QhdpBrBaYwgs9ipz9TvvMq8-cp3T4gMZn6BkoXJLL3jBE=,"2018-09-30 16:05:54",2018-09,1
28,Svg7Thpx__N3LAxphvieh384BYoVwOqefxCo9CLWgDKls1UqCYSqkDJ4Ys2Sa9YRoo8Oh3SvmGtNbQhJJbkIOcar3o8ZD39uSkx8aPNoycmidEdO2sNJsyDyzq30Wt6b50HyMTNn3B4=,"2018-09-30 16:05:54",2018-09,1
29,Svg7Thpx__N3LAxphvieh_Zr2OVEtmCv2pxal4pv7gcjDsSKOxmIjygODchkm5qvG7_co8IytIFEkM4ggIUcDXMtaJAdnGtu1vtQhDQO8i3fs2tfGzaPPrjHjkidiK0fGpoAUAKkzAo=,"2018-09-30 16:05:54",2018-09,1
30,Svg7Thpx__N3LAxphviehyKWlXXWSHENHl8tN5rE2T5Hyw2bqIRAIzlIavzcfPmsporgegNPE8leHkPLJs0LhuWmy3GQimQOB_DUa2_GicttoLPmimxIcdNYMuG6WnA1WZGhnqeRk4c=,"2018-09-30 16:05:54",2018-09,1
31,Svg7Thpx__N3LAxphvieh4CRkF7uPN6Wndm5b6AfU_zJyq6anDrFu3ttLl7l7B6qf4KxYvEGaQR3g63CPYdrlRor1MUjv9bHTTCdLZF3UtGjMLYcEE10-4FYkHwDQgSnpMEoWsV31Pk=,"2018-09-30 16:05:54",2018-09,1
32,Svg7Thpx__N3LAxphvieh8Tbks8gzqsScPNl1JediuWS5_kmribds8aiiRnqhaB3iKY1taHTq3g3fSnsaRqjLWYAWlHmd4jTjgYuZ2U-P_jHuI6Lk7VdkQPPnXxFrtqIA0zMf29gJC4=,"2018-09-30 16:05:54",2018-09,1
33,Svg7Thpx__N3LAxphvieh6S3taofbkrQYEKune5rmtq8I5zbmRqN5q9Ws9Z9-g9mIJ8ueX3qFBOMKiBDF3pmWCJQC0zUHlAgFQvSztBj4KKI0uUM643LBCSrRsBE1PGxwT93_r2YoPI=,"2018-09-30 16:05:54",2018-09,1
34,Svg7Thpx__N3LAxphvieh8OXHg1Kt6F_5TOrOPH8aPCi32UCm7chOOkPmdv546dipwmZayUC-lPLFiCfMX3_2KiV2qMDsnEnmYWDYDC34sGygY9zpsi5m8UA_eMG2GsjaUjY52P7wIE=,"2018-09-30 16:05:54",2018-09,1
35,Svg7Thpx__N3LAxphvieh3yiMPKw4kcsMJzEHu0Cnn1FnVJlLfurWRF0WfdexfVVNPPRaHL6cZAp0vDNhYyZ3HFf7D3LgpKgGID45dVxXLgpY69YtDQ7Y3r5hhX5KcZzeVWpg-wULnQ=,"2018-09-30 16:05:54",2018-09,1
36,Svg7Thpx__N3LAxphviehwG00VWQuZS0M0nsX6ZQyeLWAqWAQSCa3g59zjYuvTd66ayvnhSeEOFUoWrAyoZEikdkJ_HTdNIhV3uTwQ7_kOkEfy2sXPbma8o2-F2Lxkqwd9rRfattE2s=,"2018-09-30 16:05:54",2018-09,1
37,Svg7Thpx__N3LAxphviehwG00VWQuZS0b1D6dgrTEINASWwUDVtYp9rVHmzD1e6R91m5bgfWEwXyL_mYRn3-N3PpUi9SOMXOvkvZRBX_h-tAA20BSrZ3P4IqJzOOEWX7GxiwkkDOIe4=,"2018-09-30 16:05:54",2018-09,1
38,Svg7Thpx__N3LAxphvieh8CabTyLcb3D1PpoiWyPZNXcSWdw8dCkiIJJuyvCAbmopQ_D8rVb7XZWi8ikbGiP980AECeMBSHeGrPVAERpZEJc5L7JwyO4-FzTnJ2BDHa4V2QQfZJK3ro=,"2018-09-30 16:05:54",2018-09,1
39,Svg7Thpx__N3LAxphvieh8nMGLLfCwG6WGhIOa4CPFQR9hHynnZQZ4kL3ZnyFzKCiAIIeF6MMeOmYDfo0U8fuFGT5HwRSP3ZddSgQD8FQTnuLEkCIzCidix8BB7e1CvpFmNp02hq5yM=,"2018-09-30 16:05:54",2018-09,1
40,Svg7Thpx__N3LAxphviehxImO12dOa-nNjQaYU1v_DL6Io2gpYDTfn8BhoxvTDaK_5n8N9XTWE9sm7BYWxW-jPl1yQCQiLtxZIU-USuto0tM3rv_M1s-UT4D6J-ueO5YDsIG67GmjdI=,"2018-09-30 16:05:54",2018-09,1
41,Svg7Thpx__N3LAxphvieh-NiKHt_Y5ywLUddzAWkSjcCA49B_pjXdcDihrIVpNjh4S-JZRqGrVwfpd1UbASjsNO-Vc3xUghtUFY6nzjDkNLRLZxhIiYZXeZrEJ-_gUUCJ4yI5QcPx8E=,"2018-09-30 22:15:32",2018-09,1
42,Svg7Thpx__N3LAxphvieh2j9GC5VxK3vXxfqE8tHi7Iy9YQBXuS7Nt6vATBPDh3Z--9O1oiz1tkaEsVkKOUND96RhC8ZbyEojGJ-3aNRdwxPPKYva5iPMkOJJj8ZDN5E9DgadKcsdtE=,"2018-09-30 22:15:32",2018-09,1
43,Svg7Thpx__N3LAxphvieh7HLf5WT7S-lgWer6r03dAp2h7lAJXAZxBoFi2F4Zc-ItyAP_atnl4Mwudxwq0SppYy07DQNNnVz6wviBPL5EaeEEMBNuajXUMIyAnWFtjPJahLphzt0FJQ=,"2018-09-30 22:15:32",2018-09,1
44,Svg7Thpx__N3LAxphvieh42kN3bwvxGgWbsys5raEm7-lJK44_3e9pomrM7bQ1UUvZoXURBLIj4fsQEM3DffrhXCwvAXMn05xiWAJSUSMrNpwopMkMNtx1-ZoZbCWO01PN62B8mXG9I=,"2018-09-30 22:15:32",2018-09,0
45,Svg7Thpx__N3LAxphviehy2QDunQPDTtC0ZkhrObULIPghEcsXrV_TlTF5sliTzkoqPS7Xi0C1d7aZZpXnL4Oa36R5Ps4b_mvcsaCBYsFraJGUfIr6Ifi5Ezs4nOTGOZsoeDGmpAb1w=,"2018-09-30 22:15:32",2018-09,0
46,Svg7Thpx__N3LAxphviehzn4Y5xUFiU--lM9mm_nUlVw7f5Ype-6xoHYM88Oa8yVGKQ0U_oiMkZojmUR5_gI_RAIn5g8TvaFsujMIlpzgfFKNSkCkPrv26rp8VPD3NFxKoPRyD2-RdU=,"2018-09-30 22:15:32",2018-09,0
47,Svg7Thpx__N3LAxphvieh5hhPVQKYVcAuuAshlntfx0hWt1tL9gZL2xPEXTQdX_dKFcDPEkGrc1FX4HUOulCaq-QHPTj8pf3QwHvASkDpeQmOnZ0pLVi-tEuFX8ZG51XBI3i5_yAFIk=,"2018-09-30 22:15:32",2018-09,0
48,Svg7Thpx__N3LAxphvieh88z6vhKplWbYgg67hHCbBjjAiR1ztpQVTQwiuLYvbn_JJrqIbK7lxoybnTxvvdXgJ72vPgGdkc16EJy080zsO24pqO6FaM4W763ZvxDMNHabnDigKJSZdE=,"2018-09-30 22:15:32",2018-09,0
49,Svg7Thpx__N3LAxphvieh2DMtxEjpdGOkY8iQcnEQGe4PCu3XSBKMDPzjavn_5FrFUFQXZh4Etai9ktTI_UjxMoZ7hD9HUedwKkU-3HmUVc4CEF0h1tmj36-OoL-ta0c3thOq7d4juc=,"2018-09-30 22:15:32",2018-09,0
50,Svg7Thpx__N3LAxphvieh36F4tC6WcD9ReDDkwuskKsnug-UTwP2XvJOQF9ojHCtQQQIQ3_PcUcC8wsXEiT5FJefVgLu0aAUFCB8aOLU8iPo1gC0uSsxLZ-k6qxlF-w6_gjkCCq97oM=,"2018-09-30 22:15:32",2018-09,0
51,Svg7Thpx__N3LAxphvieh76v68EsaUlqDR4U88U2Q9JJnkRAS9DbDFyu-2aWD3YVG_EEKFq0i2QsbujRYrCfBpEDpF0RZ5tkCgwvOmlPUmntVI1bV0-kN9jty5wlEzdkyRi3Y558R6I=,"2018-09-30 22:15:32",2018-09,0
52,Svg7Thpx__N3LAxphvieh9Y1tTeQXkJA7N4dFW4UxoMuGtJx2U-QVy0ENYS5enSkG2bPYx46u49gbWLnbckRGs9e_RInelUb42oKlk0qSjmsB38uiMcBfNErVN-nioNKbFTJmWFzqwA=,"2018-09-30 22:15:32",2018-09,0
53,Svg7Thpx__N3LAxphvieh64t5lruZh3MkDuHHK5j2NrPUJKI0_G34rtY05fvxJ1F140PCMyvYW-2rRKtkc5t8q7YsIUY6qrPePb_sja4Kr38P1TCwtK2Emo7GC7fqNXuy_zvJC_Momw=,"2018-09-30 22:15:32",2018-09,0
54,Svg7Thpx__N3LAxphvieh9_QsuBOSFmoViIQJba5Bpra9I4XgBDFs934fBZiazp7CAPD6JOA8ayuSP4Fb2AaBixaf4v8nJzfJ9pu7XZs2vosKJOtW1HkgZKGhfi560vt1kKXJM5gnKE=,"2018-09-30 22:15:32",2018-09,0
55,Svg7Thpx__N3LAxphviehw-tVmWnhe0itew64S4KraS9TTjLIOUUK-IOU5T08X4Tt3-GOKZE6tc7JA6qSZa5aQeyxcI5QjCHnnWue-4g3Nb-xohijyGUkID0FNsS5zYDJ20jt6-sShs=,"2018-09-30 22:15:32",2018-09,0
56,Svg7Thpx__N3LAxphvieh98Kf3P5fjYzLlObWe1gJY16J3qdB2co869ooNOgbWgS3tKrkPz1diANUVtLniePoSgrD8mGy7bZbCngROwSrXIJ_NI2OORmwiYJbhU5xqict-uXR2qLLNg=,"2018-09-30 22:15:32",2018-09,0
57,Svg7Thpx__N3LAxphvieh6nY6-P75umKtmeTwS3vfHB3IGdaZygvL9H-bDcpeiS4rNjSL2HgXhg2Pt_dG28268hGLOTjlj6Kf_91br_iNP1N9QVPjRzGUeJb2zqYqTt_E2WmN9mbk8k=,"2018-09-30 22:15:32",2018-09,0
58,Svg7Thpx__N3LAxphviehyP7gSZSUGwT49h8Gxr3COYx7dzaaeCS5rcEO8BMcxKcWSco93L1pIV5dc9B4blRJCfcXLkmRTZbGhNGk-4nX1M8cP-ShjfMJzYr9tNbkcyMtzaKjrzf2m8=,"2018-09-30 22:15:32",2018-09,0
59,Svg7Thpx__N3LAxphvieh97MWoZIuR_xiTX33KqqQCh-sKbqHl7EHPdgXiHd_Lg3dGQjOYUhJl1LCAyti5VaYs6QIi2Xk7ZsdhxLLsDfP2JC29Gwc9704CJBUHHGo8sizPmFCvpBwEk=,"2018-09-30 22:15:32",2018-09,0
60,Svg7Thpx__N3LAxphviehzvlRnVUDwvZz11LdckYH4D1wGEYgYaUvb9PhKt0YAH6mUEVv7KsQ-zucrb4ny4aG7gwi7EzbuRDsdQWHUCmmV470EGMt5eUYDcUi3PdgK-pdPPjjIxuE9c=,"2018-09-30 22:15:32",2018-09,0
